SRG Meeting,Date,Link to SoC on CIRCABC,Created at,Updated at,Type
SRG 1,10/03/1997,,23/01/15,23/01/15,EcSrg
SRG 2,22/07/1997,,23/01/15,23/01/15,EcSrg
SRG 3,02/09/1997,,23/01/15,23/01/15,EcSrg
SRG 4,09/10/1997,,23/01/15,23/01/15,EcSrg
SRG 5,11/11/1997,,23/01/15,23/01/15,EcSrg
SRG 6,15/12/1997,,23/01/15,23/01/15,EcSrg
SRG 7,12/02/1998,,23/01/15,23/01/15,EcSrg
SRG 8,13/05/1998,,23/01/15,23/01/15,EcSrg
SRG 9,10/09/1998,,23/01/15,23/01/15,EcSrg
SRG 10,18/11/1998,,23/01/15,23/01/15,EcSrg
SRG 11,27/01/1999,,23/01/15,23/01/15,EcSrg
SRG 12,22/04/1999,,23/01/15,23/01/15,EcSrg
SRG 13,23/06/1999,,23/01/15,23/01/15,EcSrg
SRG 14,16/09/1999,,23/01/15,23/01/15,EcSrg
SRG 15,10/12/1999,,23/01/15,23/01/15,EcSrg
SRG 16,22/02/2000,,23/01/15,23/01/15,EcSrg
SRG 17,11/07/2000,https://circabc.europa.eu/sd/a/7bda20c0-a2b8-4baf-ae48-7e14f7950621/17th_summary_srg.pdf ,23/01/15,23/01/15,EcSrg
SRG 18,07/11/2000,https://circabc.europa.eu/sd/a/0fc4643b-01b4-4450-b8e6-6b7714b0a294/18th_summary_srg.pdf ,23/01/15,23/01/15,EcSrg
SRG 19,26/03/2001,https://circabc.europa.eu/sd/a/33519bee-64e5-40ab-8e3e-ebeaf8df8be8/19th_summary_srg.pdf ,23/01/15,23/01/15,EcSrg
SRG 20,18/07/2001,https://circabc.europa.eu/sd/a/1bb5a9d1-4ea3-469f-ad97-893a2177a546/20th_summary_srg.pdf ,23/01/15,23/01/15,EcSrg
SRG 21,29/11/2001,https://circabc.europa.eu/sd/a/dc92090b-44e5-409c-90cf-af7cdb884717/21th_summary_srg.pdf ,23/01/15,23/01/15,EcSrg
SRG 22,02/04/2002,https://circabc.europa.eu/sd/a/e963caac-ef35-4e7f-a0c3-e8cb90d64a12/22nd_summary_srg.pdf ,23/01/15,23/01/15,EcSrg
SRG 23,15/05/2002,https://circabc.europa.eu/sd/a/11e6f369-4158-4c53-b5f4-758311ea02e7/23rd_summary_srg.pdf ,23/01/15,23/01/15,EcSrg
SRG 24,05 /09/2002,https://circabc.europa.eu/sd/a/1d82f266-6dba-49c9-ab8a-f39800e3097d/24th_summary_srg.pdf ,23/01/15,23/01/15,EcSrg
SRG 25,30/01/2003,https://circabc.europa.eu/sd/a/71160b1b-98ec-4794-aec6-3ad91d941545/25th_summary_srg.pdf ,23/01/15,23/01/15,EcSrg
SRG 26,22/06/2003,https://circabc.europa.eu/sd/a/16b5291a-72e1-4bd5-b4a4-97165ab1ba1a/26th_summary_srg.pdf ,23/01/15,23/01/15,EcSrg
SRG 27,9/10/2003,https://circabc.europa.eu/sd/a/f8cb6ace-6d99-4835-96a7-b1d8106bc583/27th_summary_srg.pdf ,23/01/15,23/01/15,EcSrg
SRG 28,15/01/2004,https://circabc.europa.eu/sd/a/c5fc6aab-7470-4c28-8752-fe1b7e940491/28th_summary_srg.pdf ,23/01/15,23/01/15,EcSrg
SRG 29,19/04/2004,https://circabc.europa.eu/sd/a/8e8986ef-1631-45ad-840a-b6102823a19c/29th_summary_srg.pdf ,23/01/15,23/01/15,EcSrg
SRG 30,01/07/2004,https://circabc.europa.eu/sd/a/586d627c-6bc3-4e6f-b67b-f5bb43f26121/30_summary_srg.pdf ,23/01/15,23/01/15,EcSrg
SRG 31,13/12/2004,https://circabc.europa.eu/sd/a/e5913353-b76e-46b7-9f87-fbb52ec28733/31_summary_srg.pdf ,23/01/15,23/01/15,EcSrg
SRG 32,15/03/2005,https://circabc.europa.eu/sd/a/0c09af3a-ab30-44a1-a9fb-5898b7df5af9/32_summary_srg.pdf ,23/01/15,23/01/15,EcSrg
SRG 33,13/06/2005,https://circabc.europa.eu/sd/a/944a6a37-3984-4976-9692-b4556d9c0689/33_summary_srg.pdf ,23/01/15,23/01/15,EcSrg
SRG 34,25/10/2005,https://circabc.europa.eu/sd/a/1d0e1151-4505-40bd-91dc-c3daa67ee568/34_summary_srg.pdf ,23/01/15,23/01/15,EcSrg
SRG 35,20/12/2005,https://circabc.europa.eu/sd/a/4001443c-634d-4327-ae02-eba8e71021f8/35_summary_srg.pdf ,23/01/15,23/01/15,EcSrg
SRG 36,09/03/2006,https://circabc.europa.eu/sd/a/f5997a71-066e-4422-947d-1cdb02b56cf5/36_summary_srg.pdf ,23/01/15,23/01/15,EcSrg
SRG 37,12/06/2006,https://circabc.europa.eu/sd/a/f47d8e70-ae41-4089-8262-4ae7eeca3f11/37_summary_srg.pdf ,23/01/15,23/01/15,EcSrg
SRG 38,26/09/2006,https://circabc.europa.eu/sd/a/7de62e68-cb43-403d-b1a8-49d42eceeb0d/38_summary_srg.pdf ,23/01/15,23/01/15,EcSrg
SRG 39,18/12/2006,https://circabc.europa.eu/sd/a/a4bdcbb0-a39d-4636-b62d-12744c3ffe48/39_summary_srg.pdf ,23/01/15,23/01/15,EcSrg
SRG 40,27/03/2007,https://circabc.europa.eu/sd/a/745de21a-5194-4885-9998-1ebbc58d085e/40_summary_srg.pdf ,23/01/15,23/01/15,EcSrg
SRG 41,14/09/2007,https://circabc.europa.eu/sd/a/72936373-7736-4099-bab5-00caa31153c9/41_summary_srg.pdf ,23/01/15,23/01/15,EcSrg
SRG 42,07/12/2007,https://circabc.europa.eu/sd/a/1c1797bb-8a1e-42b4-890b-fa2d96d92aa7/42_summary_srg.pdf ,23/01/15,23/01/15,EcSrg
SRG 43,29/02/2008,https://circabc.europa.eu/sd/a/eb78b8cb-f7f8-404e-ba9c-37ed6e9eb1aa/43_summary_srg.pdf ,23/01/15,23/01/15,EcSrg
SRG 44,26/05/2008,https://circabc.europa.eu/sd/a/bc9c10c6-aec4-432e-aa8b-0c26394d0c54/44_summary_srg.pdf ,23/01/15,23/01/15,EcSrg
SRG 45,15/09/2008,https://circabc.europa.eu/sd/a/0df70e1c-16d3-4b07-a3e9-53e8791f97bc/45_summary_srg.pdf ,23/01/15,23/01/15,EcSrg
SRG 46,02/12/2008,https://circabc.europa.eu/sd/a/7aadfe6e-0cda-40e9-87d1-b1779a868f16/46_summary_srg.pdf ,23/01/15,23/01/15,EcSrg
SRG 47,12/02/2009,https://circabc.europa.eu/sd/a/74d824b6-33ff-4303-b641-68406aa8a78a/47_summary_srg.pdf ,23/01/15,23/01/15,EcSrg
SRG 48,30/06/2009,https://circabc.europa.eu/sd/a/62d19591-bb71-4ddd-ac2e-d255f1b12508/48_summary_srg.pdf ,23/01/15,23/01/15,EcSrg
SRG 49,11/09/2009,https://circabc.europa.eu/sd/a/e674ae4c-614e-4923-b7c0-89f6879ccbd6/49_summary_srg.pdf ,23/01/15,23/01/15,EcSrg
SRG 50,30/11/2009,https://circabc.europa.eu/sd/a/d618137f-ace6-475c-980e-ff021304a7f9/50_summary_srg.pdf ,23/01/15,23/01/15,EcSrg
SRG 51,16/02/2010,https://circabc.europa.eu/sd/a/be2b6893-a7a9-4121-abfa-5bdff593cfc1/51_summary_srg.pdf ,23/01/15,23/01/15,EcSrg
SRG 52,18/05/2010,https://circabc.europa.eu/sd/a/1b94874e-1dcc-487d-b57d-548f7f2248d3/52_summary_srg.pdf ,23/01/15,23/01/15,EcSrg
SRG 53,14/09/2010,https://circabc.europa.eu/sd/a/c07a4a45-ad49-43e8-af7d-f0d5b8b032b6/53_summary_srg.pdf ,23/01/15,23/01/15,EcSrg
SRG 54,03/12/2010,https://circabc.europa.eu/sd/a/49ab3fc9-646b-4b35-ac42-f0333479ce24/54_summary_srg.pdf ,23/01/15,23/01/15,EcSrg
SRG 55,11/03/2011,https://circabc.europa.eu/sd/a/438c82d2-bc33-4ce2-90b6-e229674b3cfb/55_summary_srg.pdf ,23/01/15,23/01/15,EcSrg
SRG 56,20/06/2011,https://circabc.europa.eu/sd/a/d7af194e-57f1-4cac-9413-adb39bf19706/56_summary_srg.pdf ,23/01/15,23/01/15,EcSrg
SRG 57,07/10/2011,https://circabc.europa.eu/sd/a/2585a880-a461-4766-b90a-b677892da05c/57_summary_srg.pdf ,23/01/15,23/01/15,EcSrg
SRG 58,02/12/2011,https://circabc.europa.eu/sd/a/5f5b3e36-cf0d-4f09-a86d-1ac1eee2bb3c/58_summary_srg.pdf ,23/01/15,23/01/15,EcSrg
SRG 59,23/02/2012,https://circabc.europa.eu/sd/a/1a415f3d-a6d9-45c8-ad95-0d6b20d6fc1b/59_summary_srg.pdf ,23/01/15,23/01/15,EcSrg
SRG 60,07/06/2012,https://circabc.europa.eu/sd/a/1ea000aa-5c88-4084-9cad-38ed3132d91c/60_summary_srg.pdf ,23/01/15,23/01/15,EcSrg
SRG 61,11/09/2012,https://circabc.europa.eu/sd/a/256747e3-c7ea-4081-acbe-e39ce14eb5bc/61_summary_srg.pdf ,23/01/15,23/01/15,EcSrg
SRG 62,07/12/2012,https://circabc.europa.eu/sd/a/e842f212-4da4-41a9-8f62-56cd013d3f4c/62_summary_srg.pdf ,23/01/15,23/01/15,EcSrg
SRG 63,07/02/2013,https://circabc.europa.eu/sd/a/ef09aeec-3bf8-4815-94b9-b28471cc62f1/63_summary_srg.pdf ,23/01/15,23/01/15,EcSrg
SRG 64,28/05/2013,https://circabc.europa.eu/sd/a/d01002d3-1599-4079-bcfc-b3a2e01ab374/64_summary_srg.pdf ,23/01/15,23/01/15,EcSrg
SRG 65,12/09/2013,https://circabc.europa.eu/sd/a/b69f4031-d07e-4960-a0a8-5aa755678dfd/65_summary_srg.pdf ,23/01/15,23/01/15,EcSrg
SRG 66,06/12/2013,https://circabc.europa.eu/sd/a/201742b3-e7e2-40d4-86b8-963d9d04076b/66_summary_srg.pdf ,23/01/15,23/01/15,EcSrg
SRG 67,27/02/2014,https://circabc.europa.eu/sd/a/b65b499d-4aa4-4cc1-81db-b85b2126b6cc/67_summary_srg.pdf ,23/01/15,23/01/15,EcSrg
SRG 68,28/05/2014,https://circabc.europa.eu/sd/a/dbc2ef30-bd5c-4f42-b795-5e2735198e87/68_summary_srg.pdf ,23/01/15,23/01/15,EcSrg
SRG 69,03/09/2014,https://circabc.europa.eu/sd/a/a0c4f3e6-6862-46cb-8c95-8f7c78ff962e/69_summary_srg%20rev.pdf ,23/01/15,23/01/15,EcSrg
